{
    "code": "0",
    "msg": "Success",
    "data": {
	    "urlList":[
			        {
			        	"id":0,
			            "url": "http://xxxx.com",
			            "description":"xxxx",
			            "updateTime" : "2016-05-01",
			            "failTimes" : 10,
			            "status" : 1,
			            "method" : "post"
			
			        },
			        {
			        	"id":1,
			            "url": "http://xxxx.com",
			            "description":"xxxx",
			            "updateTime" : "2016-05-01",
			            "failTimes" : 10,
			            "status" : 0,
			            "method" : "get"
			        },
			        {
			        	"id":2,
			            "url": "http://xxxx.com",
			            "description":"xxxx",
			            "updateTime" : "2016-05-01",
			            "failTimes" : 10,
			            "status" : 0,
			            "method" : "get"
			        },
			        {
			        	"id":3,
			            "url": "http://xxxx.com",
			            "description":"xxxx",
			            "updateTime" : "2016-05-01",
			            "failTimes" : 10,
			            "status" : 1,
			            "method" : "post"
			        }
	        	],
	      "totalPageNum": 10
    	}
}